{
    "userIdCounter": 4,
    "groupIdCounter": 4,
    "toDoIdCounter": 15,
    "users": [
        {
            "id": 1,
            "groupIds": [
                1,
                2,
                4
            ],
            "username": "bruih",
            "email": "bruih@example.com",
            "password": "Geslo"
        },
        {
            "id": 2,
            "groupIds": [
                1,
                4
            ],
            "username": "supak",
            "email": "supak@example.com",
            "password": "geslo"
        },
        {
            "id": 3,
            "username": "my_username",
            "password": "geslo",
            "email": "matijakeber437@gmail.com",
            "groupIds": [
                1
            ]
        },
        {
            "id": 4,
            "username": "piskotek123",
            "password": "321321p",
            "email": "klklkjfj",
            "groupIds": [
                3,
                1,
                2
            ]
        }
    ],
    "toDos": [
        {
            "id": 1,
            "owner": 1,
            "groupIds": [
                1
            ],
            "toDo": "nrdi projekt za ris :=D",
            "finished": true,
            "deadline": "22\/5\/2023"
        },
        {
            "id": 2,
            "owner": 2,
            "groupIds": [],
            "toDo": "majske igre :P",
            "finished": false,
            "deadline": "31\/5\/2023"
        },
        {
            "id": 3,
            "owner": 1,
            "groupIds": [],
            "toDo": "gsdfhsd",
            "finished": true,
            "deadline": ""
        },
        {
            "id": 4,
            "owner": 2,
            "groupIds": [
                1
            ],
            "toDo": "testetst",
            "finished": true,
            "deadline": "2023-06-11"
        },
        {
            "id": 5,
            "owner": 2,
            "groupIds": [],
            "toDo": "nekaj",
            "finished": true,
            "deadline": "2023-10-05"
        },
        {
            "id": 6,
            "owner": 1,
            "groupIds": [],
            "toDo": "nekej posku\u0161am",
            "finished": true,
            "deadline": "2023-05-06"
        },
        {
            "id": 7,
            "owner": 1,
            "groupIds": [
                1
            ],
            "toDo": "oknsgoajhgjpolkadgjiobadsihfvaewh",
            "finished": true,
            "deadline": "2024-01-19"
        },
        {
            "id": 10,
            "owner": 3,
            "groupIds": [],
            "toDo": "aahahahahah",
            "finished": true,
            "deadline": "2023-06-03"
        },
        {
            "id": 11,
            "owner": 3,
            "groupIds": [],
            "toDo": "mojster na oknu",
            "finished": false,
            "deadline": "2023-05-19"
        },
        {
            "id": 12,
            "owner": 1,
            "groupIds": [
                1
            ],
            "toDo": "djlaaa",
            "finished": true,
            "deadline": "2023-05-04"
        },
        {
            "id": 13,
            "owner": 1,
            "groupIds": [
                2
            ],
            "toDo": "lete\u010di odred",
            "finished": true,
            "deadline": "2023-05-16"
        },
        {
            "id": 14,
            "owner": 4,
            "groupIds": [],
            "toDo": "Oditi v trgovino",
            "finished": true,
            "deadline": "2023-05-05"
        },
        {
            "id": 15,
            "owner": 1,
            "groupIds": [
                2
            ],
            "toDo": "jsfkjhljgk",
            "finished": true,
            "deadline": "2023-06-10"
        }
    ],
    "groups": [
        {
            "owner": 1,
            "id": 1,
            "name": "jabadabadu"
        },
        {
            "owner": 1,
            "id": 2,
            "name": "testna skupina"
        },
        {
            "owner": 4,
            "id": 3,
            "name": "\u0161tudenti 2002"
        },
        {
            "id": 4,
            "name": "eugh",
            "owner": 2
        }
    ]
}